species,mean_body_mass,min_body_mass,max_body_mass,N
Gentoo,4679.741379310345,3950,5200,58
Chinstrap,3527.205882352941,2700,4150,34
Adelie,3392.8571428571427,3200,3700,7
